<?xml version="1.0" encoding="UTF-8"?>
<beans xmlns="http://www.springframework.org/schema/beans"
       xmlns:xsi="http://www.w3.org/2001/XMLSchema-instance"
       xmlns:context="http://www.springframework.org/schema/context"
       xmlns:aop="http://www.springframework.org/schema/aop"
       xmlns:tx="http://www.springframework.org/schema/tx"
       xsi:schemaLocation="http://www.springframework.org/schema/beans
	http://www.springframework.org/schema/beans/spring-beans.xsd
	http://www.springframework.org/schema/context
	http://www.springframework.org/schema/context/spring-context.xsd
	http://www.springframework.org/schema/aop
	http://www.springframework.org/schema/aop/spring-aop.xsd
	http://www.springframework.org/schema/tx
	http://www.springframework.org/schema/tx/spring-tx.xsd">

    <!--开启注解的扫描，只处理service和dao，controller让SpringMVC去处理-->
    <context:component-scan base-package="com.pf">
        <!--配置哪些注解不扫描-->
        <context:exclude-filter type="annotation" expression="org.springframework.stereotype.Controller"/>
    </context:component-scan>

    <!--配置SqlSessionFactory工厂-->
    <bean id="sqlSessionFactory" class="org.mybatis.spring.SqlSessionFactoryBean">
        <property name="dataSource" ref="dataSource" />
        <!--加载mybatis的全局配置文件-->
        <property name="configLocation" value="classpath:SqlMapConfig.xml"/>
        <property name="plugins">
            <array>
                <bean class="com.github.pagehelper.PageInterceptor">
                    <property name="properties">
                        <!--使用下面的方式配置参数，一行配置一个 -->
                        <value>
                            helperDialect=postgresql
                            reasonable=true
                            supportMethodsArguments=true
                            params=count=countSql
                            autoRuntimeDialect=true
                        </value>
                    </property>
                </bean>
            </array>
        </property>
    </bean>

    <!-- 自动扫描 将Mapper接口生成代理注入到Spring -->
    <bean id="mapperScanner" class="org.mybatis.spring.mapper.MapperScannerConfigurer">
        <property name="basePackage" value="com.pf.dao"/>
    </bean>

    <!--配置事务管理器-->
    <bean id="transactionManager" class="org.springframework.jdbc.datasource.DataSourceTransactionManager">
        <property name="dataSource" ref="dataSource" />
    </bean>

    <!--配置事务通知-->
    <tx:advice id="txAdvice" transaction-manager="transactionManager">
        <tx:attributes>
            <tx:method name="*" read-only="false" propagation="REQUIRED"/>
            <tx:method name="find*" read-only="true"/>
            <tx:method name="get*" read-only="true"/>
        </tx:attributes>
    </tx:advice>

    <!--配置AOP增强-->

    <aop:config>
        <aop:advisor advice-ref="txAdvice" pointcut="execution(* com.pf.service.Impl.*.*(..))"/>
    </aop:config>
    <context:property-placeholder location="classpath:jdbcConfig.properties" />
    <!--配置连接池-->
    <bean id="dataSource" class="com.mchange.v2.c3p0.ComboPooledDataSource">

        <property name="driverClass" value="${jdbc.driver}"/>
        <property name="jdbcUrl" value="${jdbc.url}"/>
        <property name="user" value="${jdbc.username}"/>
        <property name="password" value="${jdbc.password}"/>
    </bean>
</beans>