<?xml version="1.0" encoding="UTF-8"?>
<!DOCTYPE generatorConfiguration
        PUBLIC "-//mybatis.org//DTD MyBatis Generator Configuration 1.0//EN"
        "http://mybatis.org/dtd/mybatis-generator-config_1_0.dtd">

<generatorConfiguration>

    <context id="mysqlgenerator" targetRuntime="MyBatis3">

        <jdbcConnection driverClass="com.mysql.jdbc.Driver"
                        connectionURL="jdbc:mysql://localhost:3306/hotelscore"
                        userId="root"
                        password="root" />

        <javaModelGenerator targetPackage="com.pf.domain" targetProject="src/main/java" />

        <sqlMapGenerator targetPackage="com.pf.mapper" targetProject="src/main/resources" />

        <javaClientGenerator type="XMLMAPPER" targetPackage="com.qf.mapper" targetProject="src/main/java" />

        <table tableName="studentinfo"/>
        <!--<table tableName=""/>-->

    </context>

</generatorConfiguration>