<?xml version="1.0" encoding="UTF-8"?>
<beans xmlns="http://www.springframework.org/schema/beans"
       xmlns:mvc="http://www.springframework.org/schema/mvc" xmlns:context="http://www.springframework.org/schema/context"
       xmlns:xsi="http://www.w3.org/2001/XMLSchema-instance"
       xsi:schemaLocation="
        http://www.springframework.org/schema/beans
        http://www.springframework.org/schema/beans/spring-beans.xsd
        http://www.springframework.org/schema/mvc
        http://www.springframework.org/schema/mvc/spring-mvc.xsd
        http://www.springframework.org/schema/context
        http://www.springframework.org/schema/context/spring-context.xsd">


    <!--开启注解扫描，只扫描Controller注解-->
    <context:component-scan base-package="com.pf.controller"/>


    <!--配置的视图解析器对象-->
    <bean id="internalResourceViewResolver" class="org.springframework.web.servlet.view.InternalResourceViewResolver">
        <property name="prefix" value="/WEB-INF/pages/"/>
        <property name="suffix" value=".jsp"/>
    </bean>

    <!--过滤静态资源-->
    <mvc:default-servlet-handler/>

    <!--开启springmvc注解支持-->
    <mvc:annotation-driven>

        <!-- 消息转化器  -->
        <mvc:message-converters register-defaults="false">
            <bean class="com.alibaba.fastjson.support.spring.FastJsonHttpMessageConverter">
                <!-- 加入支持的媒体类型：返回contentType -->
                <property name="supportedMediaTypes">
                    <list>
                        <!-- 这里顺序不能反，一定先写text/html,不然IE下会出现下载提示 -->
                        <value>text/html;charset=UTF-8</value>
                        <value>application/json;charset=UTF-8</value>
                    </list>
                </property>
                <property name="fastJsonConfig">
                    <bean class="com.alibaba.fastjson.support.config.FastJsonConfig">
                        <property name="features">
                            <list>
                                <value>AllowArbitraryCommas</value>
                                <value>AllowUnQuotedFieldNames</value>
                                <value>DisableCircularReferenceDetect</value>
                            </list>
                        </property>
                        <!--配置特定的日期格式-->
                        <property name="dateFormat" value="yyyy/MM/dd"/>
                    </bean>
                </property>
            </bean>
        </mvc:message-converters>
        <!--文件解析器-->
    </mvc:annotation-driven>
    <!-- 文件上传表单的视图解析器 -->
    <bean id="multipartResolver"
          class="org.springframework.web.multipart.commons.CommonsMultipartResolver">
        <!-- one of the properties available; the maximum file size in bytes -->
        <property name="maxUploadSize" value="204800000" />
    </bean>

</beans>