<?xml version="1.0" encoding="UTF-8"?>
<!DOCTYPE configuration
        PUBLIC "-//mybatis.org//DTD Config 3.0//EN"
        "http://mybatis.org/dtd/mybatis-3-config.dtd">

<configuration>

    <!-- 配置连接数据库的信息 -->
   <!-- <properties resource="jdbcConfig.properties"></properties>-->

    <!--配置别名-->
    <typeAliases>
        <package name="com.qf.domain"/>
    </typeAliases>
    <!-- 指定映射文件位置 -->
    <mappers>
        <package name="com.qf.dao"/>
    </mappers>



</configuration>